BDS_Location,Map,Cafeland_Suggestion,Score,BDS_ID,Sys_Ward_ID
"Xã Ngọk Linh, Đăk Glei, Kon Tum",->,"Ngọc Linh, Đắk Glei",0.89,927,5531
"Xã Ngọk Wang, Đăk Hà, Kon Tum",->,"Ngọc Wang, Đắk Hà",0.89,945,5540
"Xã Ya Ly, Sa Thầy, Kon Tum",->,"Yaly, Sa Thầy",0.89,1082,5595
"Phường Quyết Thắng, KonTum, Kon Tum",->,"Quyết Thắng, TP. Kon Tum",1.00,1098,5573
"Phường Thắng Lợi, KonTum, Kon Tum",->,"Thắng Lợi, TP. Kon Tum",1.00,1099,5574
"Phường  Quang Trung, KonTum, Kon Tum",->,"Quang Trung, TP. Kon Tum",1.00,1100,5572
"Phường Thống Nhất, KonTum, Kon Tum",->,"Thống Nhất, TP. Kon Tum",1.00,1101,5575
"Phường Nguyễn Trãi, KonTum, Kon Tum",->,"Nguyễn Trãi, TP. Kon Tum",1.00,1102,5571
"Phường Trần Hưng Đạo, KonTum, Kon Tum",->,"Trần Hưng Đạo, TP. Kon Tum",1.00,1103,5576
"Phường Ngô Mây, KonTum, Kon Tum",->,"Ngô Mây, TP. Kon Tum",1.00,1104,5569
"Phường Trường Chinh, KonTum, Kon Tum",->,"Trường Chinh, TP. Kon Tum",1.00,1105,5577
"Phường Lê Lợi, KonTum, Kon Tum",->,"Lê Lợi, TP. Kon Tum",1.00,1106,5568
"Phường Duy Tân, KonTum, Kon Tum",->,"Duy Tân, TP. Kon Tum",1.00,1107,5564
"Xã Hoà Bình, KonTum, Kon Tum",->,"Hòa Bình, TP. Kon Tum",1.00,1108,5566
"Xã  Ia Chim, KonTum, Kon Tum",->,"Gia Chim, TP. Kon Tum",0.93,1109,5565
"Xã Đoàn Kết, KonTum, Kon Tum",->,"Đoàn Kết, TP. Kon Tum",1.00,1110,5563
"Xã Vinh Quang, KonTum, Kon Tum",->,"Vinh Quang, TP. Kon Tum",1.00,1111,5578
"Xã Kroong, KonTum, Kon Tum",->,"Kroong, TP. Kon Tum",1.00,1113,5567
"Xã Đăk Cấm, KonTum, Kon Tum",->,"Đăk Cấm, TP. Kon Tum",1.00,1114,5560
"Xã Đăk Blà, KonTum, Kon Tum",->,"Đăk Blà, TP. Kon Tum",1.00,1115,5559
"Xã Chư Hreng, KonTum, Kon Tum",->,"Chư Hreng, TP. Kon Tum",1.00,1116,5558
"Xã Đăk Năng, KonTum, Kon Tum",->,"Đăk Năng, TP. Kon Tum",1.00,1117,5561
"Xã Trường Thành,  Thới Lai, Cần Thơ",->,"Trung Thạnh, Thới Lai",0.96,1189,20474
"Xã Đông Thuận,  Thới Lai, Cần Thơ",->,"Đông Thắng, Thới Lai",0.90,1197,20467
"Xã Thạnh Lộc, Giồng Riềng, Kiên Giang",->,"Thạnh Lộc, Gồng Giềng",1.00,1268,5438
"Xã Thạnh Hưng, Giồng Riềng, Kiên Giang",->,"Thạnh Hưng, Gồng Giềng",1.00,1269,5437
"Xã Thạnh Hoà, Giồng Riềng, Kiên Giang",->,"Thạnh Hoà, Gồng Giềng",1.00,1271,5436
"Xã Thạnh Bình, Giồng Riềng, Kiên Giang",->,"Thạnh Bình, Gồng Giềng",1.00,1272,20594
"Xã Thạnh Phước, Giồng Riềng, Kiên Giang",->,"Thạnh Phước, Gồng Giềng",1.00,1274,5439
"Xã Ngọc Thuận, Giồng Riềng, Kiên Giang",->,"Ngọc Thuận, Gồng Giềng",1.00,1275,5435
"Xã Ngọc Chúc, Giồng Riềng, Kiên Giang",->,"Ngọc Chúc, Gồng Giềng",1.00,1276,5432
"Xã Ngọc Thành, Giồng Riềng, Kiên Giang",->,"Ngọc Thành, Gồng Giềng",1.00,1277,5434
"Xã Ngọc Hoà, Giồng Riềng, Kiên Giang",->,"Ngọc Hoà, Gồng Giềng",1.00,1278,5433
"Xã Hoà Lợi, Giồng Riềng, Kiên Giang",->,"Hoà Lợi, Gồng Giềng",1.00,1279,5429
"Xã Hoà Hưng, Giồng Riềng, Kiên Giang",->,"Hoà Hưng, Gồng Giềng",1.00,1280,5428
"Xã Hoà An, Giồng Riềng, Kiên Giang",->,"Hoà An, Gồng Giềng",1.00,1281,5427
"Xã Hoà Thuận, Giồng Riềng, Kiên Giang",->,"Hoà Thuận, Gồng Giềng",1.00,1282,5430
"Xã Vĩnh Thạnh, Giồng Riềng, Kiên Giang",->,"Vĩnh Thạnh, Gồng Giềng",1.00,1283,5441
"Xã Vĩnh Phú, Giồng Riềng, Kiên Giang",->,"Vĩnh Phú, Gồng Giềng",1.00,1284,5440
"Xã Bàn Thạch, Giồng Riềng, Kiên Giang",->,"Bàn Thạch, Gồng Giềng",1.00,1285,5426
"Xã Long Thạnh, Giồng Riềng, Kiên Giang",->,"Long Thạnh, Gồng Giềng",1.00,1286,5431
"Xã Bàn Tân Định, Giồng Riềng, Kiên Giang",->,"Bàn Tân Định, Gồng Giềng",1.00,1287,5425
"Xã Mường Nọc, Quế Phong, Nghệ An",->,"Mường Noọc, Quế Phong",0.95,1725,6805
"Xã Thạnh Phú Đông, Giồng Trôm, Bến Tre",->,"Thạch Phú Đông, Giồng Trôm",0.93,2054,2973
"Xã Thạnh Phong, Thạnh Phú, Bến Tre",->,"Thuận Phong, Thạnh Phú",0.91,2135,2991
"Xã Thạnh Trị, Kiến Tường, Long An",->,"Thạnh Trị, Liên Hưng",1.00,2321,6236
"Xã Bình Hiệp, Kiến Tường, Long An",->,"Bình Hiệp, Liên Hưng",1.00,2324,6226
"Xã Tuyên Thạnh, Kiến Tường, Long An",->,"Tuyên Thạnh, Liên Hưng",1.00,2333,6237
"Xã Bình Tân, Kiến Tường, Long An",->,"Bình Tân, Liên Hưng",1.00,2343,6231
"Xã Thạnh Hưng, Kiến Tường, Long An",->,"Thạnh Hưng, Liên Hưng",1.00,2345,6235
"Xã Trung Lèng Hồ, Bát Xát, Lào Cai",->,"Trung Lènh Hồ, Bát Xát",0.92,2604,5689
"Xã An Thạnh Trung, Chợ Mới, An Giang",->,"An Thạch Trung, Chợ Mới",0.93,2699,1381
"Xã Thào Chư Phìn, Si Ma Cai, Lào Cai",->,"Thào Chư Phìn, Xi Ma Cai",1.00,2786,5772
"Xã Bản Mế, Si Ma Cai, Lào Cai",->,"Bản Mế, Xi Ma Cai",1.00,2789,5761
"Xã Sán Chải, Si Ma Cai, Lào Cai",->,"Sán Chải, Xi Ma Cai",1.00,2793,5770
"Xã Lùng Sui, Si Ma Cai, Lào Cai",->,"Lùng Sui, Xi Ma Cai",1.00,2796,5765
"Xã Cán Hồ, Si Ma Cai, Lào Cai",->,"Cán Hồ, Xi Ma Cai",1.00,2802,5763
"Xã Sín Chéng, Si Ma Cai, Lào Cai",->,"Sín Chéng, Xi Ma Cai",1.00,2803,5771
"Xã Lử Thẩn, Si Ma Cai, Lào Cai",->,"Lử Thẩn, Xi Ma Cai",1.00,2804,5764
"Xã Cán Cấu, Si Ma Cai, Lào Cai",->,"Cán Cấu, Xi Ma Cai",1.00,2806,5762
"Xã Nàn Sán, Si Ma Cai, Lào Cai",->,"Nàn Sán, Xi Ma Cai",1.00,2808,5767
"Xã Quảng Thắng, Hải Hà, Quảng Ninh",->,"Quảng Thành, Hải Hà",0.91,2998,21241
"Xã Giao Hưng, Giao Thủy, Nam Định",->,"Giao Hương, Giao Thủy",0.95,3178,6329
"Xã Ma Ly Pho, Phong Thổ, Lai Châu",->,"Ma Li Pho, Phong Thổ",0.89,4239,21341
"Xã Sin Súi Hồ, Phong Thổ, Lai Châu",->,"Sin Suối Hồ, Phong Thổ",0.95,4244,21349
"Xã Liêng S’Rônh, Đam Rông, Lâm Đồng",->,"Liêng S'Rônh, Đam Rông",0.92,4580,20548
"Xã Đạ K’Nàng, Đam Rông, Lâm Đồng",->,"Đạ K'Nàng, Đam Rông",0.89,4583,20543
"Xã Đưng KNớ, Lạc Dương, Lâm Đồng",->,"Đưng K´Nớh, Lạc Dương",0.89,4619,5898
"Xã Eachà Rang, Sơn Hòa, Phú Yên",->,"Ea Chà Rang, Sơn Hòa",0.95,4731,7595
"Thị trấn TT. Chi Lăng, Chi Lăng, Lạng Sơn",->,"TT. Chi Lăng, Cao Lăng",1.00,5211,21150
"Xã Bắc Thủy, Chi Lăng, Lạng Sơn",->,"Bắc Thủy, Cao Lăng",1.00,5213,21151
"Xã Bằng Hữu, Chi Lăng, Lạng Sơn",->,"Bằng Hữu, Cao Lăng",1.00,5214,21152
"Xã Bằng Mạc, Chi Lăng, Lạng Sơn",->,"Bằng Mạc, Cao Lăng",1.00,5215,21153
"Xã Chiến Thắng, Chi Lăng, Lạng Sơn",->,"Chiến Thắng, Cao Lăng",1.00,5216,21155
"Xã Gia Lộc, Chi Lăng, Lạng Sơn",->,"Gia Lộc, Cao Lăng",1.00,5217,21156
"Xã Hòa Bình, Chi Lăng, Lạng Sơn",->,"Hòa Bình, Cao Lăng",1.00,5218,21157
"Xã Hữu Kiên, Chi Lăng, Lạng Sơn",->,"Hữu Kiên, Cao Lăng",1.00,5219,21158
"Xã Lâm Sơn, Chi Lăng, Lạng Sơn",->,"Lâm Sơn, Cao Lăng",1.00,5220,21159
"Xã Liên Sơn, Chi Lăng, Lạng Sơn",->,"Liên Sơn, Cao Lăng",1.00,5221,21160
"Xã Mai Sao, Chi Lăng, Lạng Sơn",->,"Mai Sao, Cao Lăng",1.00,5222,21161
"Xã Nhân Lý, Chi Lăng, Lạng Sơn",->,"Nhân Lý, Cao Lăng",1.00,5223,21162
"Xã Thượng Cường, Chi Lăng, Lạng Sơn",->,"Thượng Cường, Cao Lăng",1.00,5226,21165
"Xã Vạn Linh, Chi Lăng, Lạng Sơn",->,"Vạn Linh, Cao Lăng",1.00,5227,21167
"Xã Vân An, Chi Lăng, Lạng Sơn",->,"Vân An, Cao Lăng",1.00,5228,21166
"Xã Vân Thủy, Chi Lăng, Lạng Sơn",->,"Vân Thủy, Cao Lăng",1.00,5229,21168
"Xã Y Tịch, Chi Lăng, Lạng Sơn",->,"Y Tịch, Cao Lăng",1.00,5230,21169
"Xã Hoàn Trạch, Bố Trạch, Quảng Bình",->,"Hòa Trạch, Bố Trạch",0.95,5249,7735
"Xã Quảng Phong, Quảng Trạch, Quảng Bình",->,"Quảng Phương, Quảng Trạch",0.96,5375,20926
"Xã Quảng Tân, Quảng Trạch, Quảng Bình",->,"Quảng Thanh, Quảng Trạch",0.90,5377,7826
"Xã Quảng Hoà, Quảng Trạch, Quảng Bình",->,"Quảng Hợp, Quảng Trạch",0.89,5387,7815
"Xã Quảng Thọ, Quảng Trạch, Quảng Bình",->,"Quảng Hợp, Quảng Trạch",0.89,5407,7815
"Xã Quảng Long, Quảng Trạch, Quảng Bình",->,"Quảng Đông, Quảng Trạch",0.90,5409,7812
"Xã Cán Chu Phìn, Mèo Vạc, Hà Giang",->,"Cán Chu Phìn, Mèo Vạt",1.00,5834,3797
"Xã Giàng Chu Phìn, Mèo Vạc, Hà Giang",->,"Giàng Chu Phìn, Mèo Vạt",1.00,5835,3798
"Xã Khâu Vai, Mèo Vạc, Hà Giang",->,"Khâu Vai, Mèo Vạt",1.00,5836,3799
"Xã Lũng Chinh, Mèo Vạc, Hà Giang",->,"Lũng Chinh, Mèo Vạt",1.00,5839,3800
"Xã Lũng Pù, Mèo Vạc, Hà Giang",->,"Lũng Pù, Mèo Vạt",1.00,5843,3801
"Xã Nậm Ban, Mèo Vạc, Hà Giang",->,"Nậm Ban, Mèo Vạt",1.00,5847,3802
"Xã Niêm Sơn, Mèo Vạc, Hà Giang",->,"Niêm Sơn, Mèo Vạt",1.00,5851,3803
"Xã Pả Vi, Mèo Vạc, Hà Giang",->,"Pả Vi, Mèo Vạt",1.00,5854,3805
"Xã Pải Lủng, Mèo Vạc, Hà Giang",->,"Pải Lủng, Mèo Vạt",1.00,5855,3806
"Xã Sơn Vĩ, Mèo Vạc, Hà Giang",->,"Sơn Vĩ, Mèo Vạt",1.00,5856,3807
"Xã Sủng Máng, Mèo Vạc, Hà Giang",->,"Sủng Máng, Mèo Vạt",1.00,5857,3808
"Xã Sủng Trà, Mèo Vạc, Hà Giang",->,"Sủng Trà, Mèo Vạt",1.00,5858,3809
"Xã Tả Lủng, Mèo Vạc, Hà Giang",->,"Tả Lủng, Mèo Vạt",1.00,5859,3810
"Xã Tát Ngà, Mèo Vạc, Hà Giang",->,"Tát Ngà, Mèo Vạt",1.00,5860,3811
"Xã Thượng Phùng, Mèo Vạc, Hà Giang",->,"Thượng Phùng, Mèo Vạt",1.00,5861,3812
"Xã Xín Cái, Mèo Vạc, Hà Giang",->,"Xín Cái, Mèo Vạt",1.00,5862,3813
"Xã Niêm Tòng, Mèo Vạc, Hà Giang",->,"Niêm Tòng, Mèo Vạt",1.00,5863,3804
"Xã BokTơi, Hoài Ân, Bình Định",->,"Bok Tới, Hoài Ân",0.92,6290,2177
"Xã Bình Thuận, Tây Sơn, Bình Định",->,"Bình Thành, Tây Sơn",0.90,6328,2258
"Xã Đa Krông, Đa Krông, Quảng Trị",->,"Đakrông, Đa Krông",0.93,6376,21426
"Xã Phong Thạnh Tây A, Phước Long, Bạc Liêu",->,"Phong Thạch Tây A, Phước Long",0.94,7146,2340
"Xã Phong Thạnh Tây B, Phước Long, Bạc Liêu",->,"Phong Thạch Tây B, Phước Long",0.94,7147,2341
"Xã Gia Tân 1, Thống Nhất, Đồng Nai",->,"Gia Tân I, Thống Nhất",0.89,7327,1201
"Xã Gia Tân 2, Thống Nhất, Đồng Nai",->,"Gia Tân I, Thống Nhất",0.89,7328,1201
"Xã Gia Tân 3, Thống Nhất, Đồng Nai",->,"Gia Tân I, Thống Nhất",0.89,7329,1201
"Xã Đăk Drô, Krông Nô, Đắk Nông",->,"Đăk Rô, Krông Nô",0.92,7568,10951
"Xã Đắk R’Moan, Gia Nghĩa, Đắk Nông",->,"Đắk R'Moan, Thị xã Gia Nghĩa",0.90,7616,10841
"Xã Long Hải, Đảo Phú Quý, Bình Thuận",->,"Long Hải, Phú Quí",1.00,7617,2094
"Xã Ngũ Phụng, Đảo Phú Quý, Bình Thuận",->,"Ngũ Phụng, Phú Quí",1.00,7618,2095
"Xã Tam Thanh, Đảo Phú Quý, Bình Thuận",->,"Tam Thanh, Phú Quí",1.00,7620,2096
"Xã Ia Băng, ChưPRông, Gia Lai",->,"Ia Băng, Chư Prông",1.00,7760,3390
"Xã Ia Boòng, ChưPRông, Gia Lai",->,"Ia Boòng, Chư Prông",1.00,7761,3391
"Xã Ia Lâu, ChưPRông, Gia Lai",->,"Ia Lâu, Chư Prông",1.00,7762,3392
"Xã Ia Me, ChưPRông, Gia Lai",->,"Ia Me, Chư Prông",1.00,7763,3393
"Xã Ia Mơ, ChưPRông, Gia Lai",->,"Ia Mơ, Chư Prông",1.00,7764,3394
"Xã Ia O, ChưPRông, Gia Lai",->,"Ia O, Chư Prông",1.00,7765,3395
"Xã Ia Pia, ChưPRông, Gia Lai",->,"Ia Pia, Chư Prông",1.00,7766,3397
"Xã Ia Púch, ChưPRông, Gia Lai",->,"Ia Púch, Chư Prông",1.00,7767,3398
"Xã Ia Phìn, ChưPRông, Gia Lai",->,"Ia Phìn, Chư Prông",1.00,7768,3396
"Xã Ia Tôr, ChưPRông, Gia Lai",->,"Ia Tôr, Chư Prông",1.00,7769,3399
"Xã Ia Vê, ChưPRông, Gia Lai",->,"Ia Vê, Chư Prông",1.00,7771,3400
"Xã Bàu Cạn, ChưPRông, Gia Lai",->,"Bàu Cạn, Chư Prông",1.00,7772,3388
"Xã Bình Giáo, ChưPRông, Gia Lai",->,"Bình Giáo, Chư Prông",1.00,7773,3389
"Xã Thăng Hưng, ChưPRông, Gia Lai",->,"Thăng Hưng, Chư Prông",1.00,7774,3401
"Xã Ia Bang, ChưPRông, Gia Lai",->,"Ia Băng, Chư Prông",1.00,7775,3390
"Xã Ia Kly, ChưPRông, Gia Lai",->,"Ia Kly, Chư Prông",1.00,7776,20895
"Xã Ia Drang, ChưPRông, Gia Lai",->,"Ia Drăng, Chư Prông",1.00,7777,20893
"Xã Ia Ga, ChưPRông, Gia Lai",->,"Ia Ga, Chư Prông",1.00,7778,20894
"Xã Ia Piơr, ChưPRông, Gia Lai",->,"Ia Piơr, Chư Prông",1.00,7779,20896
"Thị trấn Ia Kha, Ia Grai, Gia Lai",->,"Ia Kha, La Grai",1.00,7830,3470
"Xã Ia Chia, Ia Grai, Gia Lai",->,"Ia Chia, La Grai",1.00,7831,3466
"Xã Ia Dêr, Ia Grai, Gia Lai",->,"Ia Dêr, La Grai",1.00,7832,3467
"Xã Ia Hrung, Ia Grai, Gia Lai",->,"Ia Hrung, La Grai",1.00,7833,3469
"Xã Ia Bá, Ia Grai, Gia Lai",->,"Ia Bá, La Grai",1.00,7834,3465
"Xã Ia Krai, Ia Grai, Gia Lai",->,"Ia Krai, La Grai",1.00,7835,3472
"Xã Ia O, Ia Grai, Gia Lai",->,"Ia O, La Grai",1.00,7836,3473
"Xã Ia Pếch, Ia Grai, Gia Lai",->,"Ia Pếch, La Grai",1.00,7837,3474
"Xã Ia Sao, Ia Grai, Gia Lai",->,"Ia Sao, La Grai",1.00,7838,3475
"Xã Ia Tô, Ia Grai, Gia Lai",->,"Ia Tô, La Grai",1.00,7839,3476
"Xã Ia Yok, Ia Grai, Gia Lai",->,"Ia Yok, La Grai",1.00,7840,3477
"Xã Ia Grăng, Ia Grai, Gia Lai",->,"Ia Grăng, La Grai",1.00,7841,3468
"Xã Ia Khai, Ia Grai, Gia Lai",->,"Ia Khai, La Grai",1.00,7842,3471
"Xã Chư Mố, Ia Pa, Gia Lai",->,"Chư Mố, La Pa",1.00,7844,20943
"Xã Ia Broăi, Ia Pa, Gia Lai",->,"Ia Broăi, La Pa",1.00,7845,20945
"Xã Ia Kdăm, Ia Pa, Gia Lai",->,"Ia Kdăm, La Pa",1.00,7846,20946
"Xã Ia Tul, Ia Pa, Gia Lai",->,"Ia Tul, La Pa",1.00,7847,20949
"Xã Ia Trôk, Ia Pa, Gia Lai",->,"Ia Trok, La Pa",1.00,7848,20948
"Xã Ia Mrơn, Ia Pa, Gia Lai",->,"Ia Mrơn, La Pa",1.00,7849,20947
"Xã Pờ tó, Ia Pa, Gia Lai",->,"Pờ Tó, La Pa",1.00,7850,20951
"Xã Chư Răng, Ia Pa, Gia Lai",->,"Chư Răng, La Pa",1.00,7851,20944
"Xã Kim Tân, Ia Pa, Gia Lai",->,"Kim Tân, La Pa",1.00,7852,20950
"Xã Đắk HLơ, KBang, Gia Lai",->,"Đắk H'Lơ, KBang",0.93,7854,3425
"Xã Kon PNe, KBang, Gia Lai",->,"Kon P'Ne, KBang",0.93,7860,3429
"Xã KRong, KBang, Gia Lai",->,"K'Rong, KBang",0.91,7861,3432
"Xã An Trung, Kông Chro, Gia Lai",->,"An Trung, Krông Chro",1.00,7868,3438
"Xã Chơ Long, Kông Chro, Gia Lai",->,"Chơ Long, Krông Chro",1.00,7869,3439
"Xã Chư Krêy, Kông Chro, Gia Lai",->,"Chư Krêy, Krông Chro",1.00,7870,3440
"Xã Đắk Pling, Kông Chro, Gia Lai",->,"Đắk Pling, Krông Chro",1.00,7871,3442
"Xã Đắk Sông, Kông Chro, Gia Lai",->,"Đắk Song, Krông Chro",1.00,7872,3444
"Xã Đắk Tơ Pang, Kông Chro, Gia Lai",->,"Đắk Tơ Pang, Krông Chro",1.00,7873,3445
"Xã Kông Yang, Kông Chro, Gia Lai",->,"Kông Yang, Krông Chro",1.00,7874,3446
"Xã Sró, Kông Chro, Gia Lai",->,"Sró, Krông Chro",1.00,7875,3447
"Xã Ya Ma, Kông Chro, Gia Lai",->,"Ya Ma, Krông Chro",1.00,7876,3448
"Xã Yang Nam, Kông Chro, Gia Lai",->,"Yang Nam, Krông Chro",1.00,7877,3449
"Xã Yang Trung, Kông Chro, Gia Lai",->,"Yang Trung, Krông Chro",1.00,7878,3450
"Xã Đăk Pơ Pho, Kông Chro, Gia Lai",->,"Đăk Pơ Pho, Krông Chro",1.00,7879,3443
"Xã Đăk Kơ Ning, Kông Chro, Gia Lai",->,"Đăk Kơ Ning, Krông Chro",1.00,7880,3441
"Phường Hoa Lư, Plei Ku, Gia Lai",->,"Hoa Lư, Pleiku",1.00,7919,3499
"Phường Yên Đỗ, Plei Ku, Gia Lai",->,"Yên Đỗ, Pleiku",1.00,7920,3510
"Phường Ia Kring­, Plei Ku, Gia Lai",->,"Ia Kring, Pleiku",0.94,7921,3503
"Phường Diên Hồng, Plei Ku, Gia Lai",->,"Diên Hồng, Pleiku",1.00,7922,3495
"Phường Trà Bá, Plei Ku, Gia Lai",->,"Trà Bá, Pleiku",1.00,7923,3508
"Phường Hội Phú, Plei Ku, Gia Lai",->,"Hội Phú, Pleiku",1.00,7924,3500
"Phường Thống Nhất, Plei Ku, Gia Lai",->,"Thống Nhất, Pleiku",1.00,7925,3507
"Phường Hội Thương, Plei Ku, Gia Lai",->,"Hội Thương, Pleiku",1.00,7926,3501
"Phường Thắng Lợi, Plei Ku, Gia Lai",->,"Thắng Lợi, Pleiku",1.00,7927,3506
"Phường Phù Đổng, Plei Ku, Gia Lai",->,"Phù Đổng, Pleiku",1.00,7929,3504
"Phường Chi Lăng, Plei Ku, Gia Lai",->,"Chi Lăng, Pleiku",1.00,7930,3492
"Phường Yên Thế, Plei Ku, Gia Lai",->,"Yên Thế, Pleiku",1.00,7931,3511
"Phường Đống Đa, Plei Ku, Gia Lai",->,"Đống Đa, Pleiku",1.00,7932,3497
"Xã Biển Hồ, Plei Ku, Gia Lai",->,"Biển Hồ, Pleiku",1.00,7933,3491
"Xã An Phú, Plei Ku, Gia Lai",->,"An Phú, Pleiku",1.00,7935,3490
"Xã Trà Đa, Plei Ku, Gia Lai",->,"Trà Đa, Pleiku",1.00,7936,3509
"Xã Gào, Plei Ku, Gia Lai",->,"Gào, Pleiku",1.00,7937,3498
"Xã Diên Phú, Plei Ku, Gia Lai",->,"Diên Phú, Pleiku",1.00,7938,3496
"Xã Tân Sơn, Plei Ku, Gia Lai",->,"Tân Sơn, Pleiku",1.00,7939,3505
"Xã Ia Kênh, Plei Ku, Gia Lai",->,"Ia Kênh, Pleiku",1.00,7940,3502
"Xã Chư Á, Plei Ku, Gia Lai",->,"Chư Á, Pleiku",1.00,7941,3493
"Xã Tân Pheo, Đà Bắc, Hòa Bình",->,"Tân Peo, Đà Bắc",0.93,7981,4189
"Thị trấn Lương Sơn, Lương Sơn, Hòa Bình",->,"Long Sơn, Lương Sơn",0.94,8077,4228
"Xã Vĩnh Hưng, Bình Giang, Hải Dương",->,"Vĩnh Hồng, Bình Giang",0.89,8173,4415
"Xã Cai Bộ, Quảng Uyên, Cao Bằng",->,"Cai Bộ, Quảng Hòa",1.00,8570,21142
"Xã Chí Thảo, Quảng Uyên, Cao Bằng",->,"Chí Thảo, Quảng Hòa",1.00,8571,7659
"Xã Độc Lập, Quảng Uyên, Cao Bằng",->,"Độc Lập, Quảng Hòa",1.00,8573,7661
"Xã Hạnh Phúc, Quảng Uyên, Cao Bằng",->,"Hạnh Phúc, Quảng Hòa",1.00,8575,7662
"Xã Hồng Quang, Quảng Uyên, Cao Bằng",->,"Hồng Quang, Quảng Hòa",1.00,8576,7675
"Xã Phúc Sen, Quảng Uyên, Cao Bằng",->,"Phúc Sen, Quảng Hòa",1.00,8578,7678
"Xã Phi Hải, Quảng Uyên, Cao Bằng",->,"Phi Hải, Quảng Hòa",1.00,8579,7677
"Xã Quảng Hưng, Quảng Uyên, Cao Bằng",->,"Quảng Hưng, Quảng Hòa",1.00,8581,21145
"Xã Tự Do, Quảng Uyên, Cao Bằng",->,"Tự Do, Quảng Hòa",1.00,8583,7682
"Xã Ngọc Động, Quảng Uyên, Cao Bằng",->,"Ngọc Động, Quảng Hòa",1.00,8584,21124
"Xã Ea Kao, Buôn Ma Thuột, Đắk Lắk",->,"EaKao, Buôn Ma Thuột",0.91,8993,10682
"Xã Ea Tu, Buôn Ma Thuột, Đắk Lắk",->,"Eatu, Buôn Ma Thuột",0.89,8994,10683
"Xã Dlê Yang, Ea H'Leo, Đắk Lắk",->,"Dliê Yang, Ea H'leo",0.94,9002,10719
"Xã Cư M'lan, Ea Súp, Đắk Lắk",->,"Cư MLan, Ea Súp",0.93,9014,10745
"Xã Cư Dliê M'nông, Cư M'gar, Đắk Lắk",->,"Cư DliêM'Nông, Cư M'gar",0.96,9030,10701
"Xã Ea D'rơng, Cư M'gar, Đắk Lắk",->,"Ea DRơng, Cư M'gar",0.94,9034,10704
"Xã Cư Klông, Krông Năng, Đắk Lắk",->,"Chư Klông, Krông Năng",0.94,9066,10781
"Xã Dliê Ya, Krông Năng, Đắk Lắk",->,"Dliêya, Krông Năng",0.92,9067,10782
"Thị trấn Ea Kar, Ea Kar, Đắk Lắk",->,"Ea Kar, Ea Kra",1.00,9077,20832
"Thị trấn Ea Knốp, Ea Kar, Đắk Lắk",->,"Ea K Nốp, Ea Kra",0.93,9078,10736
"Xã Cư Bông, Ea Kar, Đắk Lắk",->,"Cư Bông, Ea Kra",1.00,9079,10729
"Xã Cư Huê, Ea Kar, Đắk Lắk",->,"Cư Hu, Ea Kra",0.91,9080,10731
"Xã Cư Yang, Ea Kar, Đắk Lắk",->,"Cư Yang, Ea Kra",1.00,9081,10734
"Xã Cư Ni, Ea Kar, Đắk Lắk",->,"Cư Ni, Ea Kra",1.00,9082,10732
"Xã Ea Đar, Ea Kar, Đắk Lắk",->,"Ea Đar, Ea Kra",1.00,9083,10735
"Xã Ea Kmút, Ea Kar, Đắk Lắk",->,"Ea Kmút, Ea Kra",1.00,9084,10737
"Xã Cư Elang, Ea Kar, Đắk Lắk",->,"Cư Elang, Ea Kra",1.00,9085,10730
"Xã Ea Ô, Ea Kar, Đắk Lắk",->,"Ea Ô, Ea Kra",1.00,9086,10738
"Xã Cư Prông, Ea Kar, Đắk Lắk",->,"Cư Prông, Ea Kra",1.00,9087,10733
"Xã Ea Păl, Ea Kar, Đắk Lắk",->,"Ea Păl, Ea Kra",1.00,9088,10739
"Xã Ea Sô, Ea Kar, Đắk Lắk",->,"Ea Sô, Ea Kra",1.00,9089,10741
"Xã Ea Tíh, Ea Kar, Đắk Lắk",->,"Ea Tíh, Ea Kra",1.00,9090,10742
"Xã Xuân Phú, Ea Kar, Đắk Lắk",->,"Xuân Phú, Ea Kra",1.00,9091,10743
"Xã Cư Króa, M'Đrăk, Đắk Lắk",->,"Cư Kroá, M'Đrắt",1.00,9094,10818
"Xã Cư M'ta, M'Đrăk, Đắk Lắk",->,"Cư M'Ta, M'Đrắt",1.00,9095,10819
"Xã Cư Prao, M'Đrăk, Đắk Lắk",->,"Cư Prao, M'Đrắt",1.00,9096,10820
"Xã Ea H'mlay, M'Đrăk, Đắk Lắk",->,"Ea H'Mlay, M'Đrắt",1.00,9097,10822
"Xã Ea Lai, M'Đrăk, Đắk Lắk",->,"Ea Lai, M'Đrắt",1.00,9098,10823
"Xã Ea Pil, M'Đrăk, Đắk Lắk",->,"Ea Pil, M'Đrắt",1.00,9100,10825
"Xã Ea Riêng, M'Đrăk, Đắk Lắk",->,"Ea Riêng, M'Đrắt",1.00,9101,10826
"Xã Ea Trang, M'Đrăk, Đắk Lắk",->,"Ea Trang, M'Đrắt",1.00,9102,10827
"Xã Krông Á, M'Đrăk, Đắk Lắk",->,"Krông Á, M'Đrắt",1.00,9103,10828
"Xã Krông Jing, M'Đrăk, Đắk Lắk",->,"Krông Jing, M'Đrắt",1.00,9104,10829
"Xã Cư San, M'Đrăk, Đắk Lắk",->,"Cư San, M'Đrắt",1.00,9105,10821
"Xã Cư Ê Wi, Cư Kuin, Đắk Lắk",->,"Cư Êwi, Cư Kuin",0.92,9144,20812
"Xã Bình Hòa, Krông Ana, Đắk Lắk",->,"Bình Hòa, Krông A Na",1.00,9147,10754
"Xã Quảng Điền, Krông Ana, Đắk Lắk",->,"Quảng Điền, Krông A Na",1.00,9148,10759
"Xã Dur Kmăl, Krông Ana, Đắk Lắk",->,"Dur Kmăl, Krông A Na",1.00,9149,10756
"Xã Băng A Drênh, Krông Ana, Đắk Lắk",->,"Băng ADrênh, Krông A Na",0.96,9150,10753
"Xã Ea Bông, Krông Ana, Đắk Lắk",->,"Ea Bông, Krông A Na",1.00,9151,10757
"Xã Ea Na, Krông Ana, Đắk Lắk",->,"Ea Na, Krông A Na",1.00,9152,10758
"Xã Dray Sáp, Krông Ana, Đắk Lắk",->,"Dray Sáp, Krông A Na",1.00,9153,10755
"Xã Phú Thanh, Phú Vang, Thừa Thiên Huế",->,"Phú Thuận, Phú Vang",0.89,9171,21353
"Xã Phú Dương, Phú Vang, Thừa Thiên Huế",->,"Phú Lương, Phú Vang",0.89,9175,10220
"Phường Hương An, Hương Trà, Thừa Thiên Huế",->,"Hương Văn, Hương Trà",0.94,9244,10167
"Xã Hương Vinh, Hương Trà, Thừa Thiên Huế",->,"Hương Bình, Hương Trà",0.90,9247,10162
"Xã Chiềng Ơn, Quỳnh Nhai, Sơn La",->,"Chiền Ơn, Quỳnh Nhai",0.94,9381,8770
"Xã Nong Lay, Thuận Châu, Sơn La",->,"Noong Lay, Thuận Châu",0.94,9425,8830
"Xã Mường Cai, Sông Mã, Sơn La",->,"Mường Cao, Sông Mã",0.89,9590,8802
"Xã Phú Hồng, Ba Vì, Hà Nội",->,"Phú Phương, Ba Vì",0.89,9660,822
"Xã Minh Quang, Chiêm Hóa, Tuyên Quang",->,"Vinh Quang, Chiêm Hóa",0.90,10878,10530
"Xã Dế Xu Phình, Mù Cang Chải, Yên Bái",->,"Dế Su Phình, Mù Căng Chải",0.91,11467,1507
"Xã Đông Hưng, Thanh Hóa, Thanh Hóa",->,"Đông Hương, TP. Thanh Hóa",0.95,11605,9393
"Xã Xuân Hưng, Xuân Lộc, Đồng Nai",->,"Xuân Hương, Xuân Lộc",0.95,12024,1226
"Xã Ea Sar, Ea Kar, Đắk Lắk",->,"Ea Sar, Ea Kra",1.00,12175,10740
"Xã Mản Thẩn, Si Ma Cai, Lào Cai",->,"Mản Thẩn, Xi Ma Cai",1.00,12196,5766
"Xã Thủy An, Huế, Thừa Thiên Huế",->,"Thủy Vân, Huế",0.93,12235,10156
"Xã Hưng Thịnh, Vinh, Nghệ An",->,"Hưng Chính, Vinh",0.90,12246,6977
"Xã Ia Tơi, Ia H'Drai, Kon Tum",->,"Ia Tơi, La HDrai",1.00,12307,20856
"Xã Ia Dom, Ia H'Drai, Kon Tum",->,"Ia Dom, La HDrai",1.00,12308,20854
"Xã Ia Đal, Ia H'Drai, Kon Tum",->,"Ia Đal, La HDrai",1.00,12309,20855
"Xã Đạ Ploa, Đạ Huoai, Lâm Đồng",->,"Đạ P´loa, Đạ Huoai",0.93,12316,5846
"Xã Chi Lăng, Chi Lăng, Lạng Sơn",->,"Chi Lăng, Cao Lăng",1.00,12378,21154
"Xã Huổi Lếch, Mường Nhé, Điện Biên",->,"Xã Huổi Lếnh, Huyện Mường Nhé",0.89,12390,20182

